Edward Hall,Born,1497,NULL
Matt Cimber,Thomas Vitale Ottaviano,1936,NULL
Kundan Shah,Born,1947,NULL
Feroz Abbas Khan,Born,1959,NULL
Anthony Hickox,Born,1959,NULL
Nickolas Perry,(1967-12-03)December 3,1967,NULL
Jeremy Saulnier,Born,1976,NULL
Jeff Franklin,Born,Jan-55,NULL
Richard Rich,Born,(1496-07-00)July 1496,NULL
Charles Chaplin,Charles Spencer Chaplin,(1889-04-16)16 April 1889,NULL
Carter Smith,Born,(1971-09-16) 16 September 1971 (ageÂ 45),NULL
Scott Waugh,Born,(born 1970 or 1971),NULL
Fred Zinnemann,RzeszÃ_w,[1] Austria-Hungary,NULL
Kunihiko Yuyama,(1952-10-15) October 15,1952 (ageÂ 64),NULL
Rich Christiano,(1956-10-02) October 2,1956 (ageÂ 60),NULL
Eric Brevig,Born,1957 (ageÂ 59â€“60),NULL
Jon Poll,Born,1958 (ageÂ 58â€“59),NULL
Robert B. Weide,(1959-06-20) June 20,1959 (ageÂ 57),NULL
Tony Krantz,(1959-06-16) June 16,1959 (ageÂ 57),NULL
Mark Rosman,Born,1959 (ageÂ 57â€“58),NULL
Joe Berlinger,(1961-10-30) October 30,1961 (ageÂ 55),NULL
Dean Wright,(1962-05-15) May 15,1962 (ageÂ 54),NULL
StÃ©phane Aubier,(1964-10-08) October 8,1964 (ageÂ 52),NULL
Patrick Lussier,Born,1964 (ageÂ 52â€“53),NULL
Kurt Wimmer,Born,1964 (ageÂ 52â€“53),NULL
Robert Stromberg,Born,1965 (ageÂ 51â€“52)[citation needed],NULL
JÃ©rÃ´me Salle,Born,1967 (ageÂ 49â€“50),NULL
David Oelhoffen,Born,1968 (ageÂ 48â€“49),NULL
Benson Lee,(1969-11-03) November 3,1969 (ageÂ 47),NULL
Cody Cameron,(1970-10-12) October 12,1970 (ageÂ 46),NULL
Tom Green,(1971-07-30) July 30,1971 (ageÂ 45),NULL
Stuart Beattie,Born,1972 (ageÂ 44â€“45),NULL
Rick Famuyiwa,(1973-06-18) June 18,1973 (ageÂ 43),NULL
Jon Hurwitz,(1977-11-15) November 15,1977 (ageÂ 39),NULL
Camille Delamarre,(1979-10-03) October 3,1979 (ageÂ 37),NULL
Wes Ball,(1980-10-28) October 28,1980 (ageÂ 36),NULL
Robert Eggers,Born,1983 (ageÂ 33â€“34),NULL
Sam Levinson,Born,1985 (ageÂ 31â€“32),NULL
Alex van Warmerdam,Haarlem,Â Netherlands,NULL
Ferzan Ozpetek,Istanbul,Â Turkey,NULL
Siddiq Barmak,Panjshir,Afghanistan,AFG
Vijay Chandar,Vijayachander Telidevara,Andhra Pradesh,NULL
Alejandro Agresti,Buenos Aires,Argentina,ARG
Juan JosÃ© Campanella,Buenos Aires,Argentina,ARG
Gaspar NoÃ©,Buenos Aires,Argentina,ARG
Gabriela Tagliavini,Buenos Aires,Argentina,ARG
FabiÃ¡n Bielinsky,Buenos Aires,Argentina,ARG
Lucrecia Martel,Salta,Argentina,ARG
Kyle Balda,Tucson,Arizona,NULL
Peter Weir,Sydney,Australia,AUS
Phillip Noyce,New South Wales,Australia,AUS
Roger Donaldson,Victoria,Australia,AUS
Robert Luketic,New South Wales,Australia,AUS
Craig Gillespie,Sydney,Australia,AUS
James McTeigue,New South Wales,Australia,AUS
P.J. Hogan,Queensland,Australia,AUS
Russell Mulcahy,Melbourne,Australia,AUS
Simon Wincer,New South Wales,Australia,AUS
Bruce Beresford,New South Wales,Australia,AUS
Kimble Rendall,Sydney,Australia,AUS
John Polson,NSW,Australia,AUS
John Hillcoat,Queensland,Australia,AUS
Gregor Jordan,Victoria,Australia,AUS
Gillian Armstrong,Victoria,Australia,AUS
Stephan Elliott,Sydney,Australia,AUS
Peter Cousens,New South Wales,Australia,AUS
Fred Schepisi,Victoria,Australia,AUS
Leigh Whannell,Melbourne,Australia,AUS
Joel Edgerton,New South Wales,Australia,AUS
Kriv Stenders,Born,Australia,AUS
Peter Faiman,Melbourne,Australia,AUS
Rachel Perkins,Canberra,Australia,AUS
David Atkins,Sydney,Australia,AUS
Frank Lotito,Victoria,Australia,AUS
Catherine Gund,Geelong,Australia,AUS
Baz Luhrmann,New South Wales,Australia[1],NULL
Francis Lawrence,Vienna,Austria,AUT
Stefan Ruzowitzky,Vienna,Austria,AUT
Harald Reinl,Salzburg,Austria,AUT
Fritz Lang,Vienna,Austria-Hungary,NULL
Georg Wilhelm Pabst,Bohemia,Austria-Hungary (now Czech Republic),NULL
Michael Curtiz,Budapest,Austria-Hungary (now Hungary),NULL
Bigas Luna,(1946-03-19)19 March 1946,Barcelona,NULL
Frederik Du Chau,(1965-05-15) 15 May 1965 (ageÂ 51),Belgium,BEL
Ulu Grosbard,Antwerp,Belgium,BEL
Ben Stassen,Born,Belgium,BEL
Charles BinamÃ©,Herve,Belgium,BEL
Khyentse Norbu,1961 (ageÂ 55â€“56),Bhutan,BTN
Carlos Saldanha,Rio de Janeiro,Brazil,BRA
JosÃ© Padilha,Rio de Janeiro,Brazil,BRA
Walter Salles,Rio de Janeiro,Brazil,BRA
Fernando Meirelles,SÃ£o Paulo,Brazil,BRA
Karim AÃ¯nouz,CearÃ¡,Brazil,BRA
Andrucha Waddington,Rio de Janeiro,Brazil,BRA
Marcio Garcia,Rio de Janeiro,Brazil,BRA
Anna Muylaert,SÃ£o Paulo,Brazil,BRA
Becky Smith,Vancouver,British Columbia,NULL
Wayne Wang,1949 (ageÂ 68),British Hong Kong,NULL
Ronny Yu,1950 (ageÂ 66â€“67),British Hong Kong,NULL
Stephen Chow,(1962-06-22) 22 June 1962 (ageÂ 54),British Hong Kong,NULL
Tung-Shing Yee,(1957-12-28) 28 December 1957 (ageÂ 59),British Hong Kong,NULL
Shekhar Kapur,Punjab,British India,NULL
Yash Chopra,Punjab Province,British India[1][2],NULL
Rich Moore,Oxnard,California,NULL
Peter Ramsey,Los Angeles,California,NULL
Tim Story,Los Angeles,California,NULL
Gary Trousdale,La Crescenta-Montrose,California,NULL
Adam Shankman,Los Angeles,California,NULL
Mike Gabriel,Long Beach,California,NULL
NimrÃ_d Antal,Los Angeles,California,NULL
Charles Shyer,Los Angeles,California,NULL
Steve Boyum,Los Angeles,California,NULL
Jodie Foster,Los Angeles,California,NULL
Robert Towne,Los Angeles,California,NULL
Kevin Greutert,Pasadena,California,NULL
Douglas Aarniokoski,San Francisco,California,NULL
Ari Sandel,Calabasas,California,NULL
Mervyn LeRoy,San Francisco,California,NULL
Luis Valdez,Delano,California,NULL
Jerry Belson,El Centro,California,NULL
Dan Rush,Oakland,California,NULL
Stanton Barrett,Bishop,California,NULL
Karen Moncrieff,Sacramento,California,NULL
Stacy Peralta,Venice,California,NULL
Colin Minihan,Orange County,California,NULL
Steve Taylor,Brawley,California,NULL
Morgan Neville,Los Angeles,California,NULL
Ryan Fleck,Berkeley,California,NULL
Drake Doremus,Orange,California,NULL
Daryl Wein,Los Angeles,California,NULL
Don Michael Paul,Newport Beach,California United States,NULL
Kevin Rodney Sullivan,San Francisco,California[1],NULL
James Cameron,Ontario,Canada,CAN
Shawn Levy,Quebec,Canada,CAN
Brad Peyton,Newfoundland and Labrador,Canada,CAN
Roger Spottiswoode,Ontario,Canada,CAN
Lawrence Guterman,1966 (ageÂ 50),Canada,CAN
Graham Annable,Ontario,Canada,CAN
Jimmy Hayward,Ontario,Canada,CAN
David Cronenberg,Ontario,Canada,CAN
Ted Kotcheff,Ontario,Canada,CAN
Denis Villeneuve,Quebec,Canada,CAN
Evan Goldberg,British Columbia,Canada,CAN
Kelly Makin,Born,Canada,CAN
Norman Jewison,Ontario,Canada,CAN
Jean-Marc VallÃ©e,Quebec,Canada,CAN
Peter Lepeniotis,1965 (ageÂ 51â€“52),Canada,CAN
William Shatner,Quebec,Canada,CAN
Paul Haggis,Ontario,Canada,CAN
Richard J. Lewis,Ontario,Canada,CAN
Bruce McCulloch,Alberta,Canada,CAN
Stuart Gillard,Alberta,Canada,CAN
Paul Gross,Alberta,Canada,CAN
Courtney Solomon,Ontario,Canada,CAN
Zack Ward,Ontario,Canada,CAN
Sidney J. Furie,Toronto,Canada,CAN
Tom Green,Ontario,Canada,CAN
William Dear,Ontario,Canada,CAN
David Hackl,Ontario,Canada,CAN
Patricia Rozema,Ontario,Canada,CAN
FranÃ§ois Girard,Quebec,Canada,CAN
Arthur Hiller,Alberta,Canada,CAN
Kari Skogland,Ontario,Canada,CAN
Hart Bochner,Ontario,Canada,CAN
Mary Harron,Ontario,Canada,CAN
Erik Canuel,Quebec,Canada,CAN
Robert C. Cooper,Ontario,Canada,CAN
Denys Arcand,Quebec,Canada,CAN
Ed Gass-Donnelly,Ontario,Canada,CAN
Roger Avary,Manitoba,Canada,CAN
Ruba Nadda,Quebec,Canada,CAN
Peter Stebbings,British Columbia,Canada,CAN
Colin Minihan,1986 (ageÂ 30â€“31),Canada,CAN
David Winning,Alberta,Canada,CAN
Edward Dmytryk,British Columbia,Canada,CAN
Guy Maddin,Manitoba,Canada,CAN
Allan Dwan,Ontario,Canada,CAN
Sean Durkin,1981 (ageÂ 35),Canada,CAN
Jamie Travis,1979 (ageÂ 37),Canada,CAN
Ryan Little,British Columbia,Canada,CAN
Matthew Watts,Ontario,Canada,CAN
Bronwen Hughes,Ontario,Canada[1],NULL
Daniel Petrie Jr.,1951 (ageÂ 65),Canada[citation needed],NULL
Tran Anh Hung,ÄêÃ  Náºµng,Central Vietnam,NULL
Alejandro AmenÃ¡bar,Santiago,Chile,CHL
Alexander Witt,Santiago,Chile,CHL
John Woo,Guangdong Province,China,CHN
Yimou Zhang,Shaanxi,China,CHN
Joan Chen,Shanghai,China,CHN
Peter Ho-Sun Chan,Hong Kong,China,CHN
Kaige Chen,Beijing,China,CHN
Chuan Lu,Xinjiang,China,CHN
Mabel Cheung,Guangdong,China,CHN
Hao Ning,Shanxi,China,CHN
Chia-Liang Liu,Guangdong,China,CHN
Maggie Carey,Born,circa 1975 (ageÂ 41â€“42),NULL
Patricia Cardoso,Bogota,Colombia,COL
Cyrus Nowrasteh,Boulder,Colorado,NULL
Henry Hobson,Denver,Colorado,NULL
Jonathan Mostow,Woodbridge,Connecticut,NULL
D.J. Caruso,Norwalk,Connecticut,NULL
Steve Miner,Westport,Connecticut,NULL
Christopher Spencer,Manchester,Connecticut,NULL
David Webb Peoples,Middletown,Connecticut,NULL
Jay Alaimo,Suffield,Connecticut,NULL
name,states,country,alpha
Goran Dukic,Zagreb,Croatia,HRV
Andy Garcia,Havana,Cuba,CUB
Chad Hartigan,Nicosia,Cyprus,CYP
Milos Forman,ÄŒÃ¡slav,Czechoslovakia (now Czech Republic),NULL
Ivan Reitman,KomÃ¡rno,Czechoslovakia (now Slovakia),NULL
Whit Stillman,Washington,D.C.,NULL
Jehane Noujaim,Washington,D.C.,NULL
Mikael Salomon,Copenhagen,Denmark,DNK
Bille August,Brede,Denmark,DNK
Niels Arden Oplev,Oue,Denmark,DNK
Ole Bornedal,NÃ¸rresundby,Denmark,DNK
Christian E. Christiansen,Kalundborg,Denmark,DNK
Susanne Bier,Copenhagen,Denmark,DNK
Nicolas Winding Refn,Copenhagen,Denmark,DNK
Lone Scherfig,Copenhagen,Denmark,DNK
Lars von Trier,Kongens Lyngby,Denmark,DNK
Thomas Vinterberg,Frederiksberg,Denmark,DNK
Carl Theodor Dreyer,Copenhagen,Denmark,DNK
Jessy Terrero,1972 (ageÂ 44),Dominican Republic[1],NULL
Barbra Streisand,Alan and Marilyn Bergman,Donna Weiss,NULL
Gary Shore,Artane,Dublin,NULL
CiarÃ¡n Foy,Born,Dublin,NULL
Damien O'Donnell,1967 (ageÂ 49â€“50),Dublin,NULL
Mike Judge,Guayaquil,Ecuador,ECU
Alex Proyas,Alexandria,Egypt,EGY
Atom Egoyan,Cairo,Egypt,EGY
Sam Mendes,Berkshire,England,NULL
Christopher Nolan,London,England,NULL
Ridley Scott,County Durham,England,NULL
Rupert Sanders,London,England,NULL
Duncan Jones,London,England,NULL
Michael Apted,Buckinghamshire,England,NULL
Joe Wright,London,England,NULL
Guy Ritchie,Hertfordshire,England,NULL
Peter Chelsom,Lancashire,England,NULL
Simon West,Hertfordshire,England,NULL
Frank Oz,Hereford,England,NULL
Jon Amiel,London,England,NULL
Pete Travis,Salford,England,NULL
Henry Jaglom,London,England,NULL
Gil Kenan,London,England,NULL
Tom Hooper,London,England,NULL
Alan Parker,London,England,NULL
Adrian Lyne,Northamptonshire,England,NULL
Richard Loncraine,Cheltenham,England,NULL
Beeban Kidron,North London,England,NULL
Danny Boyle,Radcliffe,England,NULL
Stephen Frears,Leicestershire,England,NULL
Peter Howitt,Lancashire,England,NULL
Annabel Jankel,London,England,NULL
Sam Taylor-Johnson,London,England,NULL
Justin Chadwick,Lancashire,England,NULL
Jonathan Lynn,Somerset,England,NULL
Susanna White,1960 (ageÂ 56â€“57),England,NULL
Danny Cannon,Luton,England,NULL
Neil Marshall,Northumberland,England,NULL
Miguel Sapochnik,London,England,NULL
Lewis Gilbert,London,England,NULL
Steve Box,Bristol,England,NULL
Richard Attenborough,Cambridgeshire,England,NULL
David Lean,Surrey,England,NULL
Richard Eyre,Devon,England,NULL
Saul Dibb,London,England,NULL
Nigel Cole,Cornwall,England,NULL
Dexter Fletcher,London,England,NULL
John Schlesinger,London,England,NULL
John Duigan,Hampshire,England,NULL
Thea Sharrock,London,England,NULL
Alfred Hitchcock,Essex,England,NULL
Jonathan Glazer,London,England,NULL
Ricky Gervais,Berkshire,England,NULL
Vic Armstrong,Bucks,England,NULL
John Boorman,Surrey,England,NULL
Julian Jarrold,Norfolk,England,NULL
Martin McDonagh,London,England,NULL
Peter Cattaneo,London,England,NULL
Julien Temple,London,England,NULL
Jez Butterworth,London,England,NULL
Mark Herman,,England,NULL
Peter Care,Cornwall,England,NULL
Jamie Thraves,Essex,England,NULL
Dan Mazer,London,England,NULL
Ken Annakin,East Riding of Yorkshire,England,NULL
Carol Reed,London,England,NULL
Terence Davies,Lancashire,England,NULL
Richard Kwietniowski,London,England,NULL
Ralph Fiennes,Suffolk,England,NULL
Mel Smith,London,England,NULL
Jason Connery,London,England,NULL
Gerald Potterton,London,England,NULL
Ken Loach,Warwickshire,England,NULL
Michael Winner,London,England,NULL
Ol Parker,London,England,NULL
Tony Richardson,West Riding of Yorkshire,England,NULL
John Michael McDonagh,London,England,NULL
Gary Sinyor,Manchester,England,NULL
Shane Meadows,Staffordshire,England,NULL
Christopher Landon,Surrey,England,NULL
Jeremy Brock,1959 (ageÂ 57â€“58),England,NULL
Mike Figgis,Cumberland,England,NULL
Stefan Schwartz,London,England,NULL
Andrea Arnold,Kent,England,NULL
J. Lee Thompson,Bristol,England,NULL
Sally Potter,London,England,NULL
Clive Barker,Liverpool,England,NULL
Anthony Powell,Westminster,England,NULL
Oliver Blackburn,London,England,NULL
Niall Johnson,County Durham,England,NULL
Babar Ahmed,London,England,NULL
Andrew Haigh,North Yorkshire,England,NULL
David Hewlett,Surrey,England,NULL
Ash Baron-Cohen,London,England,NULL
Paul W.S. Anderson,Northumberland,England[1],NULL
Mike Leigh,Hertfordshire,England[1],NULL
Lionel C. Martin,London,England[1],NULL
Nicholas Hytner,Manchester,England[2][3],NULL
Jonathan Hensleigh,Jonathan Blair Hensleigh,February 1959 (ageÂ 57â€“58),NULL
Renny Harlin,RiihimÃ_ki,Finland,FIN
Aki KaurismÃ_ki,Orimattila,Finland,FIN
Kelly Reichardt,Miami,Florida,NULL
Louis Leterrier,Paris,France,FRA
FrÃ©dÃ©ric Forestier,Paris,France,FRA
Cedric Nicolas-Troyan,Gironde,France,FRA
Michel Gondry,Versailles,France,FRA
Pitof,Paris,France,FRA
Luc Besson,Paris,France,FRA
Bibo Bergeron,Paris,France,FRA
Jean-Jacques Annaud,Ã_le-de-France,France,FRA
Lucile Hadzihalilovic,Lyon,France,FRA
Pierre Coffin,(1967-03-16) 16 March 1967 (ageÂ 49)[1],France,FRA
Frank Darabont,MontbÃ©liard,France,FRA
Kinka Usher,1960 (ageÂ 56â€“57),France,FRA
Roman Polanski,Paris,France,FRA
Jean-Pierre Jeunet,Loire,France,FRA
Pierre Morel,(1964-05-12) 12 May 1964 (ageÂ 52),France,FRA
Christophe Gans,Antibes,France,FRA
Olivier Megaton,(1965-08-06) 6 August 1965 (ageÂ 51),France,FRA
Mathieu Kassovitz,Paris,France,FRA
Jamel Debbouze,Paris,France,FRA
Jean-Marie PoirÃ©,Paris,France,FRA
Patrick Tatopoulos,Paris,France,FRA
Alexandre Aja,Paris,France,FRA
Jean-Paul Rappeneau,Yonne,France,FRA
Jean-FranÃ§ois Richet,Paris,France,FRA
Laurent Tirard,(1967-02-18) 18 February 1967 (ageÂ 50),France,FRA
Olivier Dahan,Bouches-du-RhÃ´ne,France,FRA
Chris Nahon,Soisy-sous-Montmorency,France,FRA
Guillaume Canet,Boulogne-Billancourt,France,FRA
Sylvain White,Paris,France,FRA
Pascal Chaumeil,Paris,France,FRA
Jonathan Kaplan,Paris,France,FRA
Christian Carion,Nord,France,FRA
Colin Higgins,New Caledonia,France,FRA
Jeannot Szwarc,Paris,France,FRA
Mabrouk El Mechri,Versailles,France,FRA
Xavier Gens,Dunkirk,France,FRA
Dany Boon,ArmentiÃ¨res,France,FRA
Gilles Paquet-Brenner,Paris,France,FRA
Alain Resnais,Brittany,France,FRA
Olivier Assayas,Paris,France,FRA
Patrice Leconte,Paris,France,FRA
Lisa Azuelos,Hauts-de-Seine,France,FRA
Eric Lartigau,Paris,France,FRA
Claude Chabrol,Sardent,France,FRA
Eric Lavaine,Paris,France,FRA
AndrÃ© TÃ©chinÃ©,Tarn-et-Garonne,France,FRA
MaÃ¯wenn,Les Lilas,France,FRA
Roger Vadim,Paris,France,FRA
FranÃ§ois Ozon,Paris,France,FRA
Claude Miller,Paris,France,FRA
Vincent Paronnaud,La Rochelle,France,FRA
Guy Hamilton,Paris,France,FRA
Zal Batmanglij,1980/1981 (ageÂ 35â€“36)[1],France,FRA
CÃ©dric Klapisch,Neuilly-sur-Seine,France,FRA
Christophe Barratier,(1963-06-17) 17 June 1963 (ageÂ 53),France,FRA
Xavier Beauvois,Auchel,France,FRA
Michel Leclerc,Paris,France,FRA
RenÃ© FÃ©ret,La BassÃ©e,France,FRA
Leos Carax,Hauts-de-Seine,France,FRA
Dagur KÃ¡ri,Paris,France,FRA
Luc Jacquet,Bourg-en-Bresse,France,FRA
Laurent Cantet,Deux-SÃ¨vres,France,FRA
Sylvain Chomet,Maisons-Laffitte,France,FRA
FranÃ§ois Truffaut,Paris,France,FRA
Alex Ranarivelo,Saint-Jean-d'AngÃ©ly,France,FRA
Mathieu Amalric,Neuilly-sur-Seine,France,FRA
Thomas Lilti,(1976-05-30) 30 May 1976 (ageÂ 40),France,FRA
Quentin Dupieux,Paris,France,FRA
Franck Khalfoun,Paris,France,FRA
Jean-Luc Godard,Paris,France,FRA
Chris Marker,Ã_le-de-France,France,FRA
William Wyler,Haut-Rhin,France),NULL
Alex Kendrick,Athens,Georgia,GEO
Henry Koster,Berlin,German Empire,NULL
Wolfgang Petersen,Lower Saxony,Germany,DEU
Robert Schwentke,Stuttgart,Germany,DEU
Oliver Hirschbiegel,Hamburg,Germany,DEU
Mike Nichols,Berlin,Germany,DEU
Christian Alvart,Seeheim-Jugenheim,Germany,DEU
Werner Herzog,Munich,Germany,DEU
Jerry Zaks,Stuttgart,Germany,DEU
Uli Edel,South Baden,Germany,DEU
Mennan Yapo,Munich,Germany,DEU
Michael Spierig,Buchholz,Germany,DEU
Michael Haneke,Munich,Germany,DEU
Josef Rusnak,1958 (ageÂ 58),Germany,DEU
Martin Weisz,Berlin,Germany,DEU
Katja von Garnier,Wiesbaden,Germany,DEU
Derrick Borte,Frankfurt,Germany,DEU
Roland Suso Richter,Marburg,Germany,DEU
Dennis Gansel,Hannover,Germany,DEU
Brian Dannelly,Bavaria,Germany,DEU
Daniel Stamm,Hamburg,Germany,DEU
Florian Henckel von Donnersmarck,West Germany (present-day Cologne,Germany),NULL
Costa-Gavras,Loutra Iraias,Greece,GRC
Yorgos Lanthimos,Athens,Greece,GRC
Nadia Tass,Macedonia,Greece,GRC
Gregory Poirier,Maui,Hawaii,NULL
Henry Alex Rubin,Born,Henry-Alex Rubin,NULL
Sacha Bennett,Harpenden,Hertfordshire,NULL
Walt Becker,1968 (ageÂ 48),Hollywood,NULL
Gordon Chan,1960 (ageÂ 56â€“57),Hong Kong,HKG
Wilson Yip,(1963-10-23) 23 October 1963 (ageÂ 53),Hong Kong,HKG
Corey Yuen,(1951-02-15) 15 February 1951 (ageÂ 66),Hong Kong,HKG
John Eng,1942 (ageÂ 74â€“75),Hong Kong,HKG
Ringo Lam,1955,Hong Kong,HKG
Kirk Wong,1949 (ageÂ 67),Hong Kong,HKG
Stanley Tong,1960 (ageÂ 56),Hong Kong,HKG
Johnnie To,(1955-04-22) 22 April 1955 (ageÂ 61),Hong Kong,HKG
Gabor Csupo,Budapest,Hungary,HUN
IstvÃ¡n SzabÃ_,Budapest,Hungary,HUN
Lajos Koltai,Budapest,Hungary,HUN
Peter Medak,Budapest,Hungary,HUN
Baltasar KormÃ¡kur,ReykjavÃ_k,Iceland,ISL
Brenda Chapman,Beason,Illinois,NULL
Matthew O'Callaghan,Chicago,Illinois,NULL
Patrick Read Johnson,Wadsworth,Illinois,NULL
Ken Kwapis,East St. Louis,Illinois,NULL
Stuart Gordon,Chicago,Illinois,NULL
Marcus Dunstan,Macomb,Illinois,NULL
Aaron Schneider,Mossville,Illinois,NULL
Vincente Minnelli,Chicago,Illinois. U.S.,NULL
M. Night Shyamalan,Puducherry,India,IND
Tarsem Singh,Punjab,India,IND
Michael Radford,New Delhi,India,IND
Mira Nair,Odisha,India,IND
Karan Johar,Maharashtra,India,IND
Sajid Khan,Maharashtra,India,IND
Rakesh Roshan,Bombay State,India,IND
Anurag Basu,Chhattisgarh,India,IND
Vipul Amrutlal Shah,Gujarat,India,IND
Ayan Mukerji,West Bengal,India,IND
Rakeysh Omprakash Mehra,Delhi,India,IND
Rajkumar Hirani,Maharashtra,India,IND
Dinesh D'Souza,Bombay,India,IND
Jugal Hansraj,Mumbai,India,IND
Romesh Sharma,Punjab,India,IND
Vivek Agnihotri,MP,India,IND
Jeremy Leven,South Bend,Indiana,NULL
Cory Edwards,Anderson,Indiana,NULL
Angelo Pizzo,(raised in Bloomington,Indiana) [1],NULL
John Whitesell,Iowa Falls,Iowa,NULL
Babak Najafi,(1975-09-14) 14 September 1975 (ageÂ 41),Iran,NULL
Barbet Schroeder,Tehran,Iran,NULL
Nima Nourizadeh,Tehran,Iran,NULL
Asghar Farhadi,Isfahan Province,Iran,NULL
Majid Majidi,Tehran,Iran,NULL
Jafar Panahi,East Azarbaijan,Iran,NULL
Patrick Gilmore,County Galway,Ireland,IRL
Neil Jordan,Sligo,Ireland,IRL
Jim Sheridan,Wicklow,Ireland,IRL
Greg Tiernan,Dublin,Ireland,IRL
Kirsten Sheridan,Dublin,Ireland,IRL
Steve Barron,Dublin,Ireland,IRL
Lenny Abrahamson,Dublin,Ireland,IRL
Ruairi Robinson,Dublin,Ireland,IRL
Thaddeus O'Sullivan,Dublin,Ireland,IRL
Ian Fitzgibbon,1962,Ireland,IRL
Conor McPherson,Dublin,Ireland,IRL
David Caffrey,County Wicklow,Ireland,IRL
Rod Lurie,1962 (ageÂ 54),Israel,ISR
Etan Cohen,1974 (ageÂ 42),Israel,ISR
Ariel Vromen,Tel Aviv,Israel,ISR
Arie Posin,Early 1970s,Israel,ISR
Oren Moverman,1966 (ageÂ 50),Israel,ISR
Oren Peli,Ramat Gan,Israel,ISR
Avi Nesher,Ramat Gan,Israel,ISR
Ari Folman,Haifa,Israel,ISR
Alessandro Carloni,Bologna,Italy,ITA
Gabriele Muccino,Rome,Italy,ITA
George P. Cosmatos,Florence,Italy,ITA
Sergio Leone,Lazio,Italy,ITA
Liliana Cavani,Modena,Italy,ITA
Bernardo Bertolucci,Emilia-Romagna,Italy,ITA
Giuseppe Tornatore,Sicily,Italy,ITA
Andrea Di Stefano,Rome,Italy,ITA
Franco Zeffirelli,Tuscany,Italy,ITA
Paolo Sorrentino,Naples,Italy,ITA
Giuliano Montaldo,Liguria,Italy,ITA
Luca Guadagnino,Palermo,Italy,ITA
Floria Sigismondi,Pescara,Italy,ITA
Dario Argento,Rome,Italy,ITA
Ruggero Deodato,Basilicata,Italy,ITA
Frank Capra,Sicily,Italy,ITA
Francesca Gregorini,Rome,Italy,ITA
Lucio Fulci,Rome,Italy,ITA
Vidhu Vinod Chopra,(1952-09-05) 5 September 1952 (ageÂ 64),Jammu and Kashmir,NULL
Hideaki Anno,Yamaguchi,Japan,JPN
Byron Howard,Misawa,Japan,JPN
Hironobu Sakaguchi,Ibaraki,Japan,JPN
Hideo Nakata,Okayama,Japan,JPN
Mark A.Z. DippÃ©,Tokyo,Japan,JPN
Hayao Miyazaki,Tokyo,Japan,JPN
Shinji Aramaki,Fukuoka Prefecture,Japan,JPN
Takashi Shimizu,Gunma,Japan,JPN
Katsuhiro Ã”tomo,Miyagi Prefecture,Japan,JPN
RyÃ»hei Kitamura,Osaka,Japan,JPN
Franklin J. Schaffner,Tokyo,Japan,JPN
Takeshi Kitano,Tokyo,Japan,JPN
Takashi Yamazaki,Nagano,Japan,JPN
Akira Kurosawa,Tokyo,Japan,JPN
Masayuki Ochiai,Tokyo,Japan,JPN
Hitoshi Matsumoto,Amagasaki,Japan,JPN
Liv Ullmann,Tokyo,Japan,JPN
Mamoru Hosoda,Toyama,Japan,JPN
Kiyoshi Kurosawa,Kobe,Japan,JPN
Jay Oliva,Born,Jay Oliva,NULL
Noam Murro,1961 (ageÂ 55),Jerusalem,NULL
Gideon Raff,1973 (ageÂ 43â€“44),Jerusalem,NULL
Joe Chappelle,Born,Joseph Chappelle,NULL
Eric Darnell,Prairie Village,Kansas,NULL
Darren Lynn Bousman,Overland Park,Kansas,NULL
S.S. Rajamouli,Raichur,Karnataka,NULL
Robert Heath,Edenbridge,Kent,NULL
Robert D. Webb,1903,Kentucky,NULL
Gurinder Chadha,Nairobi,Kenya,KEN
Jim Chuchu,Nairobi,Kenya,KEN
Nadine Labaki,Baabdat,Lebanon[1],NULL
Cheryl Dunye,1966 (ageÂ 50),Liberia,LBR
Don Coscarelli,Tripoli,Libya,LBY
Ken Scott,20 April 1947Â (1947-04-20) (ageÂ 69),London,NULL
Kevin Tancharoen,1984 (ageÂ 32),Los Angeles,NULL
William A. Fraker,1923,Los Angeles,NULL
Ramaa Mosley,New Orleans,Louisiana,NULL
Anne Fontaine,Luxembourg,Luxembourg,LUX
James Wan,Sarawak,Malaysia,MYS
Jon Cassar,1958 (ageÂ 58),Malta,MLT
David Gelb,1983 (ageÂ 33),Manhattan,NULL
FrÃ©dÃ©ric Auburtin,(1962-06-04) 4 June 1962 (ageÂ 54),Marseille,NULL
Chris Koch,Melrose,Massachusetts,NULL
Nat Faxon,Boston,Massachusetts,NULL
Andrew Bujalski,Boston,Massachusetts,NULL
Meiert Avis,Born,Meiert Avis,NULL
Guillermo del Toro,Jalisco,Mexico,MEX
Alejandro G. IÃ±Ã¡rritu,Mexico City,Mexico,MEX
Alfonso CuarÃ_n,Mexico City,Mexico,MEX
Patricia Riggen,Jalisco,Mexico,MEX
Mario Van Peebles,Mexico City,Mexico,MEX
Alejandro Monteverde,Tamaulipas,Mexico,MEX
Eugenio Derbez,Mexico City,Mexico,MEX
Salvador Carrasco,Mexico City,Mexico,MEX
Bill Melendez,Sonora,Mexico,MEX
Anne Fletcher,Detroit,Michigan,NULL
Jake Kasdan,Detroit,Michigan,NULL
James Schamus,Detroit,Michigan,NULL
Heidi Ewing,Farmington Hills,Michigan,NULL
David Robert Mitchell,Clawson,Michigan,NULL
Harold Cronk,Reed City,Michigan,NULL
Dan Scanlon,1976 (ageÂ 40)[1][2],Michigan[3],NULL
Willard Huyck,Minneapolis,Minnesota,NULL
George Roy Hill,Minneapolis,Minnesota,NULL
Karyn Kusama,St. Louis,Missouri United States,NULL
Sanaa Hamri,Tangier,Morocco,MAR
Paul Verhoeven,Amsterdam,Netherlands,NLD
Jan de Bont,Eindhoven,Netherlands,NLD
Harald Zwart,(1965-07-01) 1 July 1965 (ageÂ 51),Netherlands,NLD
Menno Meyjes,Eindhoven,Netherlands,NLD
Anton Corbijn,Strijen,Netherlands,NLD
Martin Koolhoven,The Hague,Netherlands,NLD
Mike van Diem,Sittard,Netherlands,NLD
Kevin Munroe,Bathurst,New Brunswick,NULL
Kirk De Micco,Wyckoff,New Jersey,NULL
Jon Lucas,Summit,New Jersey,NULL
Greg Coolidge,Redbank,New Jersey,NULL
Lorene Scafaria,Holmdel Township,New Jersey,NULL
Jonathan Dayton,Elizabethtown,New Jersey,NULL
Les Mayfield,Albuquerque,New Mexico,NULL
Chris Noonan,Sydney,New South Wales,NULL
Ray Griggs,Homebush,New South Wales,NULL
Roger Allers,Rye,New York,NULL
Steve Carr,Brooklyn,New York,NULL
Larry Charles,New York,New York,NULL
David Frankel,New York,New York,NULL
Nanette Burstein,Buffalo,New York,NULL
Ted Demme,New York,New York,NULL
Walter Murch,New York,New York,NULL
E. Elias Merhige,Brooklyn,New York,NULL
Richard Fleischer,Brooklyn,New York,NULL
Damien Dante Wayans,New York,New York,NULL
Lance Rivera,Brooklyn,New York,NULL
Brian Koppelman,Roslyn Harbor,New York,NULL
RZA,Brooklyn,New York,NULL
Rodman Flender,New York,New York,NULL
Kenneth Lonergan,New York,New York,NULL
Nicole Holofcener,New York,New York,NULL
Matty Rich,Brooklyn,New York,NULL
Steve Carver,Brooklyn,New York,NULL
Michael Cuesta,New York,New York,NULL
Michael Jai White,Brooklyn,New York,NULL
Robert Mulligan,New York,New York,NULL
Max Joseph,New York,New York,NULL
Eric Mendelsohn,Long Island,New York,NULL
Jon Avnet,Brooklyn,New York City,NULL
Jesse Dylan,1966 (ageÂ 51),New York City,NULL
Marcos Siega,1969 (ageÂ 47),New York City,NULL
Peter Sollett,Brooklyn,New York City,NULL
Mel Stuart,Manhattan,New York City,NULL
Richard Schenkman,1958 (ageÂ 59),New York City,NULL
Derick Martini,1975/1976 (ageÂ 41â€“42)[1],New York City[1],NULL
Steven R. Monroe,1964,New York[clarification needed],NULL
Andrew Adamson,Auckland,New Zealand,NZL
Peter Jackson,Wellington,New Zealand,NZL
Martin Campbell,Hawkes Bay,New Zealand,NZL
Geoff Murphy,(1938-10-13) 13 October 1938 (ageÂ 78),New Zealand,NZL
Andrew Niccol,Kapiti Coast,New Zealand,NZL
Richard Curtis,Wellington,New Zealand,NZL
Stephen Kay,1963 (ageÂ 53â€“54),New Zealand,NZL
Ellory Elkayem,Christchurch,New Zealand,NZL
Niki Caro,Wellington,New Zealand,NZL
Andrew Dominik,Wellington,New Zealand,NZL
Russell Crowe,Wellington,New Zealand,NZL
Jane Campion,Waikanae,New Zealand,NZL
Christine Jeffs,Wellington,New Zealand,NZL
Olatunde Osunsanmi,1977 (ageÂ 39),Nigeria,NGA
Chan-wook Park,No,No,NOR
Jody Hill,Concord,North Carolina,NULL
Tom DiCillo,Camp Le Jeune,North Carolina,NULL
Nick Hamm,Belfast,Northern Ireland,NULL
Tomm Moore,Newry,Northern Ireland,NULL
Tommy Wirkola,Alta,Norway,NOR
Joachim RÃ¸nning,Sandefjord,Norway,NOR
Morten Tyldum,Bergen,Norway,NOR
Nils Gaup,Finnmark,Norway,NOR
AndrÃ© Ã˜vredal,1973 (ageÂ 43â€“44),Norway,NOR
Mona Fastvold,Oslo,Norway,NOR
Jeffrey St. Jules,Fall River,Nova Scotia,NULL
Brett Leonard,Toledo,Ohio,NULL
Jeff Burr,Aurora,Ohio,NULL
Michael Wadleigh,Akron,Ohio,NULL
Steve Martino,Dayton,Ohio[1],NULL
Sharron Miller,Enid,Oklahoma,NULL
Michael Dowse,London,Ontario,NULL
Anthony O'Brien,Portland,Oregon,NULL
Chris Eyre,Portland,Oregon,NULL
Wajahat Rauf,Sindh,Pakistan,PAK
Jacques Perrin,(1941-07-13) 13 July 1941 (ageÂ 75),Paris,NULL
Michel Hazanavicius,(1967-03-29) 29 March 1967 (ageÂ 49),Paris,NULL
George Cukor,James Mason,Partially lost film,NULL
Steven E. de Souza,Philadelphia,Pennsylvania,NULL
Daniel Barnz,Gladwyne,Pennsylvania,NULL
Richard Brooks,Philadelphia,Pennsylvania,NULL
Jack Sholder,Philadelphia,Pennsylvania,NULL
Luis Llosa,Lima,Peru,PER
Claudia Llosa,Lima,Peru,PER
Brian Yuzna,1949 (ageÂ 67),Philippines,PHL
Andrzej Bartkowiak,ÅÅÃ_dÅº,Poland,POL
Janusz Kaminski,ZiÄ™bice,Poland,POL
Agnieszka Holland,Warsaw,Poland,POL
Agnieszka Wojtowicz-Vosloo,Warsaw,Poland,POL
Pawel Pawlikowski,Warsaw,Poland,POL
Sam Firstenberg,1950 (ageÂ 66),Poland,POL
JirÃ_ Menzel,(1938-02-23) 23 February 1938 (ageÂ 79),Prague,NULL
Miguel Arteta,San Juan,Puerto Rico,PRI
Deepa Mehta,Amritsar,Punjab,NULL
Dean DeBlois,Aylmer,Quebec,NULL
Jason Reitman,Montreal,Quebec,NULL
Kim Nguyen,Montreal,Quebec,NULL
Jennifer Finnigan,Montreal,Quebec[1],NULL
Hsiao-Hsien Hou,Guangdong,Republic of China,NULL
Bobby Farrelly,Cumberland,Rhode Island,NULL
David S. Ward,Providence,Rhode Island,NULL
Michael Corrente,Pawtucket,Rhode Island,NULL
Bruno Barreto,1955 (ageÂ 61),Rio de Janeiro,NULL
Nae Caranfil,Bucharest,Romania,ROU
Cristian Mungiu,IaÈ™i,Romania,ROU
Andrey Zvyagintsev,Novosibirsk Oblast,Russian SFSR,NULL
Sarik Andreasyan,Born,Sarik Garnikovich Andreasyan,NULL
Wolfgang Becker,Hemer,Sauerland,NULL
Michael Caton-Jones,West Lothian,Scotland,NULL
Marianna Palka,Glasgow,Scotland,NULL
Gavin Hood,Johannesburg,South Africa,ZAF
Jonathan Liebesman,Johannesburg,South Africa,ZAF
Neill Blomkamp,Johannesburg,South Africa,ZAF
Roger Michell,Pretoria,South Africa,ZAF
Darrell Roodt,(1962-04-28) 28 April 1962 (ageÂ 54),South Africa,ZAF
Dean Israelite,Johannesburg,South Africa,ZAF
Christopher Cain,Sioux Falls,South Dakota,NULL
Jennifer Yuh Nelson,1972 (ageÂ 44)[1],South Korea,NULL
Joseph Kahn,Busan,South Korea,NULL
Joon-ho Bong,Daegu,South Korea,NULL
Chan-wook Park,Seoul,South Korea,NULL
Phyllida Lloyd,Bristol,South west England,NULL
Genndy Tartakovsky,Russian SFSR,Soviet Union,NULL
Andrei Tarkovsky,Russian SFSR,Soviet Union,NULL
Fedor Bondarchuk,Russian SFSR,Soviet Union,NULL
Timur Bekmambetov,Kazakh SSR,Soviet Union (now Kazakhstan),NULL
Jaume Collet-Serra,Sant Iscle de Vallalta,Spain,ESP
J.A. Bayona,Barcelona,Spain,ESP
Rodrigo CortÃ©s,Galicia,Spain,ESP
Juan Carlos Fresnadillo,Canary Islands,Spain,ESP
Antonio Banderas,MÃ¡laga,Spain,ESP
Jaume BalaguerÃ_,Catalonia,Spain,ESP
ÃÅlex de la Iglesia,Basque Country,Spain,ESP
Pedro AlmodÃ_var,Ciudad Real,Spain,ESP
Gonzalo LÃ_pez-Gallego,Madrid,Spain,ESP
Carlos Saura,Huesca,Spain,ESP
Mateo Gil,Las Palmas,Spain,ESP
Fernando LeÃ_n de Aranoa,Madrid,Spain,ESP
Nacho Vigalondo,CabezÃ_n de la Sal,Spain,ESP
Isabel Coixet,Barcelona,Spain,ESP
Amat Escalante,Barcelona,Spain[2],NULL
Daniel Espinosa,TrÃ¥ngsund,Stockholm,NULL
Richard E. Grant,Mbabane,Swaziland,SWZ
Mikael HÃ¥fstrÃ¶m,Lund,Sweden,SWE
Lasse HallstrÃ¶m,Stockholm,Sweden,SWE
Tomas Alfredson,LidingÃ¶,Sweden,SWE
David F. Sandberg,JÃ¶nkÃ¶ping,Sweden,SWE
Jonas Ã…kerlund,Stockholm,Sweden,SWE
Lukas Moodysson,SkÃ¥ne County,Sweden,SWE
Kay Pollak,Gothenburg,Sweden,SWE
Ingmar Bergman,Uppsala,Sweden,SWE
LÃ©a Pool,Soglio,Switzerland,CHE
Dominique Othenin-Girard,NeuchÃ¢tel,Switzerland,CHE
Ivan Engler,Winterthur,Switzerland,CHE
Moustapha Akkad,Aleppo,Syria,NULL
Justin Lin,Taipei,Taiwan,TWN
Ang Lee,Pingtung,Taiwan,TWN
Gnana Rajasekaran,Pallikonda,Tamil Nadu,NULL
R. Balki,Thanjavur district,Tamil Nadu,NULL
Barry Cook,Nashville,Tennessee,NULL
Randall Wallace,Middle Fork,Tennessee,NULL
Walter Lang,Memphis,Tennessee,NULL
Tom Schulman,Nashville,Tennessee,NULL
Natalie Bible',Knoxville,Tennessee,NULL
John Reinhardt,Knoxville,Tennessee,NULL
Courtney Hunt,Memphis,Tennessee[citation needed],NULL
Wych Kaosayananda,1974 (ageÂ 42â€“43),Thailand,THA
Anand Tucker,Bangkok,Thailand,THA
Tony Jaa,Surin,Thailand,THA
Chatrichalerm Yukol,1942 (ageÂ 74),Thailand,THA
Prachya Pinkaew,Nakhon Ratchasima Province,Thailand,THA
Elia Kazan,Ottoman Empire (modern day Istanbul,Turkey),NULL
John Guillermin,England,U.K.,NULL
Britt Allcroft,England,U.K.,NULL
Philip Saville,London,U.K.,NULL
Stanley Donen,South Carolina,U.S,NULL
Gore Verbinski,Tennessee,U.S.,NULL
Andrew Stanton,Massachusetts,U.S.,NULL
Sam Raimi,Michigan,U.S.,NULL
Joss Whedon,New York,U.S.,NULL
Bryan Singer,New York,U.S.,NULL
Rob Marshall,Wisconsin,U.S.,NULL
Barry Sonnenfeld,New York,U.S.,NULL
Marc Webb,Indiana,U.S.,NULL
Chris Weitz,New York,U.S.,NULL
Peter Berg,New York,U.S.,NULL
Shane Black,Pennsylvania,U.S.,NULL
Tim Burton,California,U.S.,NULL
Michael Bay,California,U.S.,NULL
McG,Michigan,U.S.,NULL
J.J. Abrams,New York,U.S.,NULL
Steven Spielberg,Ohio,U.S.,NULL
Robert Zemeckis,Illinois,U.S.,NULL
Jon Favreau,New York,U.S.,NULL
Martin Scorsese,New York,U.S.,NULL
David Ayer,Illinois,U.S.,NULL
Doug Liman,New York,U.S.,NULL
Brad Bird,Montana,U.S.,NULL
James Gunn,Missouri,U.S.,NULL
David Fincher,Colorado,U.S.,NULL
Oliver Stone,New York,U.S.,NULL
Ron Howard,Oklahoma,U.S.,NULL
Rob Minkoff,California,U.S.,NULL
Dean Parisot,Connecticut,U.S.,NULL
Edward Zwick,Illinois,U.S.,NULL
Jon M. Chu,California,U.S.,NULL
Peyton Reed,North Carolina,U.S.,NULL
Darren Aronofsky,New York,U.S.,NULL
John McTiernan,New York,U.S.,NULL
Tony Gilroy,New York,U.S.,NULL
Joel Schumacher,New York,U.S.,NULL
David Twohy,California,U.S.,NULL
James L. Brooks,New York,U.S.,NULL
George Lucas,California,U.S.,NULL
Steven Soderbergh,Georgia,U.S.,NULL
Raja Gosnell,California,U.S.,NULL
Len Wiseman,California,U.S.,NULL
Michael Mann,Illinois,U.S.,NULL
Bo Welch,Pennsylvania,U.S.,NULL
Ron Clements,Iowa,U.S.,NULL
Dominic Sena,Ohio,U.S.,NULL
Adam McKay,Pennsylvania,U.S.,NULL
Quentin Tarantino,Tennessee,U.S.,NULL
Spike Jonze,Maryland,U.S.,NULL
Chris Wedge,New York,U.S.,NULL
Peter Hyams,New York,U.S.,NULL
Ron Underwood,California,U.S.,NULL
Jay Roach,New Mexico,U.S.,NULL
Michael Patrick King,Pennsylvania,U.S.,NULL
Wally Pfister,Illinois,U.S.,NULL
John Lee Hancock,Texas,U.S.,NULL
Ben Stiller,New York,U.S.,NULL
Sydney Pollack,Indiana,U.S.,NULL
Brian De Palma,New Jersey,U.S.,NULL
Alan J. Pakula,New York,U.S.,NULL
Kathryn Bigelow,California,U.S.,NULL
Nancy Meyers,Pennsylvania,U.S.,NULL
Martin Brest,New York,U.S.,NULL
Bob Fosse,Illinois,U.S.,NULL
George A. Romero,New York,U.S.,NULL
Sylvester Stallone,New York,U.S.,NULL
Todd Phillips,New York,U.S.,NULL
Gary Winick,New York,U.S.,NULL
Joe Pytka,Pennsylvania,U.S.,NULL
Jonathan Demme,New York,U.S.,NULL
Terry Gilliam,Minnesota,U.S.,NULL
Kevin Costner,California,U.S.,NULL
Des McAnuff,Illinois,U.S.,NULL
Barry Levinson,Maryland,U.S.,NULL
Don Bluth,Texas,U.S.,NULL
Judd Apatow,New York,U.S.,NULL
Mel Gibson,New York,U.S.,NULL
Betty Thomas,Missouri,U.S.,NULL
Garry Marshall,New York,U.S.,NULL
Cameron Crowe,California,U.S.,NULL
Jonathan Frakes,Pennsylvania,U.S.,NULL
George Clooney,Kentucky,U.S.,NULL
Gregory Hoblit,Texas,U.S.,NULL
Seth MacFarlane,Connecticut,U.S.,NULL
Nora Ephron,New York,U.S.,NULL
Angelina Jolie Pitt,California,U.S.,NULL
Clint Eastwood,California,U.S.,NULL
Will Gluck,New York,U.S.,NULL
Taylor Hackford,California,U.S.,NULL
Michael Lehmann,California,U.S.,NULL
Rob Reiner,New York,U.S.,NULL
Marc Lawrence,New York,U.S.,NULL
Peter Billingsley,New York,U.S.,NULL
Robert Redford,California,U.S.,NULL
Kenny Ortega,California,U.S.,NULL
Brian Robbins,New York,U.S.,NULL
Steven Zaillian,California,U.S.,NULL
Griffin Dunne,New York,U.S.,NULL
Donald Petrie,New York,U.S.,NULL
Joel Coen,Minnesota,U.S.,NULL
Akiva Goldsman,New York,U.S.,NULL
David Koepp,Wisconsin,U.S.,NULL
Akiva Schaffer,California,U.S.,NULL
Karey Kirkpatrick,Louisiana,U.S.,NULL
Steve Antin,New York,U.S.,NULL
Richard Lester,Pennsylvania,U.S.,NULL
Robert Rodriguez,Texas,U.S.,NULL
Curtis Hanson,Nevada,U.S.,NULL
Jay Chandrasekhar,Illinois,U.S.,NULL
George Nolfi,Massachusetts,U.S.,NULL
Spike Lee,Georgia,U.S.,NULL
Brian Helgeland,Rhode Island,U.S.,NULL
Joe Roth,New York,U.S.,NULL
Bennett Miller,New York,U.S.,NULL
Gary Fleder,Virginia,U.S.,NULL
Stephen Gaghan,Kentucky,U.S.,NULL
Howard Deutch,New York,U.S.,NULL
John Landis,Illinois,U.S.,NULL
Andrew Bergman,New York,U.S.,NULL
John Carpenter,New York,U.S.,NULL
Wes Anderson,Texas,U.S.,NULL
Danny DeVito,New Jersey,U.S.,NULL
George Armitage,Connecticut,U.S.,NULL
Warren Beatty,Virginia,U.S.,NULL
Penny Marshall,New York,U.S.,NULL
Joel Zwick,New York,U.S.,NULL
David R. Ellis,California,U.S.,NULL
David Lynch,Montana,U.S.,NULL
Julie Taymor,Massachusetts,U.S.,NULL
Sean Penn,California,U.S.,NULL
Susan Stroman,Delaware,U.S.,NULL
Billy Bob Thornton,Arkansas,U.S.,NULL
Ben Affleck,California,U.S.,NULL
Gus Van Sant,Kentucky,U.S.,NULL
Roger Kumble,New York,U.S.,NULL
Joseph L. Mankiewicz,Pennsylvania,U.S.,NULL
Barbra Streisand,New York,U.S.,NULL
Mark Pellington,Maryland,U.S.,NULL
Catherine Hardwicke,Texas,U.S.,NULL
John Herzfeld,New Jersey,U.S.,NULL
Wes Craven,Ohio,U.S.,NULL
Nick Cassavetes,New York,U.S.,NULL
Peter Hedges,Iowa,U.S.,NULL
Colin Strause,Illinois,U.S.,NULL
Colin Strause,Illinois,U.S.,NULL
Diane Keaton,California,U.S.,NULL
Sofia Coppola,New York,U.S.,NULL
Elaine May,Pennsylvania,U.S.,NULL
Jeff Nathanson,California,U.S.,NULL
Charles S. Dutton,Maryland,U.S.,NULL
Ethan Coen,Minnesota,U.S.,NULL
Charles Martin Smith,California,U.S.,NULL
Irvin Kershner,Pennsylvania,U.S.,NULL
Chris Rock,South Carolina,U.S.,NULL
Gary David Goldberg,New York,U.S.,NULL
Luke Greenfield,New York,U.S.,NULL
Scott Speer,California,U.S.,NULL
Jared Hess,Arizona,U.S.,NULL
Jared Hess,Nebraska,U.S.,NULL
John Gatins,New York,U.S.,NULL
Don Scardino,New York,U.S.,NULL
Tim Robbins,California,U.S.,NULL
Jonathan Levine,New York,U.S.,NULL
Rian Johnson,Maryland,U.S.,NULL
Forest Whitaker,Texas,U.S.,NULL
Woody Allen,New York,U.S.,NULL
Lee Toland Krieger,California,U.S.,NULL
John R. Leonetti,California,U.S.,NULL
Tom Hanks,California,U.S.,NULL
Liz Friedlander,New York,U.S.,NULL
Phil Joanou,California,U.S.,NULL
Martha Coolidge,Connecticut,U.S.,NULL
Tate Taylor,Mississippi,U.S.,NULL
Kevin Hooks,Pennsylvania,U.S.,NULL
Elizabeth Banks,Massachusetts,U.S.,NULL
Edward Norton,Massachusetts,U.S.,NULL
Jeff Wadlow,Virginia,U.S.,NULL
Callie Khouri,Texas,U.S.,NULL
Todd Graff,New York,U.S.,NULL
Philip Kaufman,Illinois,U.S.,NULL
Richard Linklater,Texas,U.S.,NULL
Scott Frank,Florida,U.S.,NULL
Michael Cristofer,New Jersey,U.S.,NULL
Michael Pressman,New York,U.S.,NULL
Tyler Perry,Louisiana,U.S.,NULL
James Bridges,Arkansas,U.S.,NULL
Bill Paxton,Texas,U.S.,NULL
Craig R. Baxley,California,U.S.,NULL
Leonard Nimoy,Massachusetts,U.S.,NULL
Herbert Ross,New York,U.S.,NULL
Bonnie Hunt,Illinois,U.S.,NULL
Neil LaBute,Michigan,U.S.,NULL
Grant Heslov,California,U.S.,NULL
Sidney Lumet,Pennsylvania,U.S.,NULL
Douglas McGrath,New York,U.S.,NULL
Tony Goldwyn,California,U.S.,NULL
Joseph Sargent,New Jersey,U.S.,NULL
Fred Durst,North Carolina,U.S.,NULL
Mel Brooks,New York,U.S.,NULL
Harry Elfont,Pennsylvania,U.S.,NULL
Fred Dekker,California,U.S.,NULL
Blake Edwards,Oklahoma,U.S.,NULL
Trey Parker,Colorado,U.S.,NULL
Penelope Spheeris,Louisiana,U.S.,NULL
Todd Strauss-Schulson,New York,U.S.,NULL
Ed Harris,New Jersey,U.S.,NULL
Shana Feste,California,U.S.,NULL
Michael Moore,Michigan,U.S.,NULL
Bob Clark,Louisiana,U.S.,NULL
Glen Morgan,New York,U.S.,NULL
Todd Haynes,California,U.S.,NULL
Charlie Kaufman,New York,U.S.,NULL
Nancy Walker,Pennsylvania,U.S.,NULL
Matthew Diamond,New York,U.S.,NULL
Emile Ardolino,New York,U.S.,NULL
Robert Altman,Missouri,U.S.,NULL
Bart Freundlich,New York,U.S.,NULL
Hal Needham,Tennessee,U.S.,NULL
Matt Dillon,New York,U.S.,NULL
Nicholas Ray,Wisconsin,U.S.,NULL
Rowdy Herrington,Pennsylvania,U.S.,NULL
Bruce Paltrow,New York,U.S.,NULL
James Ivory,California,U.S.,NULL
Tommy Lee Jones,Texas,U.S.,NULL
Denzel Washington,New York,U.S.,NULL
Peter Atencio,Colorado,U.S.,NULL
Drew Barrymore,California,U.S.,NULL
Albert Brooks,California,U.S.,NULL
Dan Curtis,Connecticut,U.S.,NULL
Wil Shriner,New York,U.S.,NULL
Mark Romanek,Illinois,U.S.,NULL
Dito Montiel,New York,U.S.,NULL
Emilio Estevez,New York,U.S.,NULL
Josh Schwartz,Rhode Island,U.S.,NULL
Julian Schnabel,New York,U.S.,NULL
Todd Field,California,U.S.,NULL
James Fargo,Washington,U.S.,NULL
Ed Decter,New Jersey,U.S.,NULL
Michael Polish,California,U.S.,NULL
Daisy von Scherler Mayer,New York,U.S.,NULL
Bob Saget,Pennsylvania,U.S.,NULL
John Waters,Maryland,U.S.,NULL
Craig Bolotin,Illinois,U.S.,NULL
Paul Mazursky,New York,U.S.,NULL
Abel Ferrara,New York,U.S.,NULL
Tamra Davis,California,U.S.,NULL
Brian Henson,New York,U.S.,NULL
Christopher Guest,New York,U.S.,NULL
John Crowley,Maine,U.S.,NULL
Dustin Hoffman,California,U.S.,NULL
Martin Ritt,New York,U.S.,NULL
John Turturro,New York,U.S.,NULL
Joseph Zito,New York,U.S.,NULL
Robert Ben Garant,Tennessee,U.S.,NULL
Michael Patrick Jann,New York,U.S.,NULL
Jorma Taccone,California,U.S.,NULL
Jason Bateman,New York,U.S.,NULL
David Schwimmer,New York,U.S.,NULL
Allan Arkush,New Jersey,U.S.,NULL
Jay Duplass,Louisiana,U.S.,NULL
Noah Baumbach,New York,U.S.,NULL
Eric Blakeney,New York,U.S.,NULL
Bob Odenkirk,Illinois,U.S.,NULL
Vincent Gallo,New York,U.S.,NULL
Jon Stewart,New York,U.S.,NULL
Bobcat Goldthwait,New York,U.S.,NULL
Mark Rydell,New York,U.S.,NULL
John Sayles,New York,U.S.,NULL
Don Siegel,Illinois,U.S.,NULL
Tom Ford,Texas,U.S.,NULL
Dick Richards,New York,U.S.,NULL
Jackie Earle Haley,California,U.S.,NULL
Alan Alda,New York,U.S.,NULL
King Vidor,Texas,U.S.,NULL
Fred Savage,Illinois,U.S.,NULL
Raymond De Felitta,New York,U.S.,NULL
Zach Braff,New Jersey,U.S.,NULL
John Cameron Mitchell,Texas,U.S.,NULL
Sam Peckinpah,California,U.S.,NULL
Michael Crichton,Illinois,U.S.,NULL
Joey Lauren Adams,Arkansas,U.S.,NULL
Greg Marcks,Massachusetts,U.S.,NULL
Charles Matthau,New York,U.S.,NULL
Joseph Gordon-Levitt,California,U.S.,NULL
James Toback,New York,U.S.,NULL
Patty Jenkins,California,U.S.,NULL
Frank Perry,New York,U.S.,NULL
Ice Cube,California,U.S.,NULL
Richard Glatzer,New York,U.S.,NULL
Harmony Korine,California,U.S.,NULL
Frank Borzage,Utah,U.S.,NULL
Nicholaus Goossen,California,U.S.,NULL
Errol Morris,New York,U.S.,NULL
Dennis Hopper,Kansas,U.S.,NULL
John Huston,Missouri,U.S.,NULL
Todd Solondz,New Jersey,U.S.,NULL
Peter DeLuise,New York,U.S.,NULL
Cecil B. DeMille,Massachusetts,U.S.,NULL
Lisa Cholodenko,California,U.S.,NULL
Dan Ireland,Oregon,U.S.,NULL
Peter H. Hunt,California,U.S.,NULL
Howard Hughes,Texas,U.S.,NULL
Jim Abrahams,Wisconsin,U.S.,NULL
Adam Rapp,Illinois,U.S.,NULL
Clark Gregg,Massachusetts,U.S.,NULL
Damien Chazelle,Rhode Island,U.S.,NULL
John Ford,Maine,U.S.,NULL
Joshua Marston,California,U.S.,NULL
Howard Hawks,Indiana,U.S.,NULL
Darren Stein,California,U.S.,NULL
Michael Landon Jr.,California,U.S.,NULL
Jason Alexander,New Jersey,U.S.,NULL
Monte Hellman,New York,U.S.,NULL
Reed Cowan,Utah,U.S.,NULL
Danny Steinmann,New York,U.S.,NULL
Debra Granik,Massachusetts,U.S.,NULL
Miranda July,Vermont,U.S.,NULL
Bob Giraldi,New Jersey,U.S.,NULL
David Duchovny,New York,U.S.,NULL
Noah Buschel,Pennsylvania,U.S.,NULL
Orson Welles,Wisconsin,U.S.,NULL
Benh Zeitlin,New York,U.S.,NULL
Maggie Greenwald,New York,U.S.,NULL
Vera Farmiga,New Jersey,U.S.,NULL
Lucky McKee,California,U.S.,NULL
Eytan Fox,New York,U.S.,NULL
Adam Goldberg,California,U.S.,NULL
Rebecca Miller,Connecticut,U.S.,NULL
Jeff Garlin,Illinois,U.S.,NULL
Bruce Campbell,Michigan,U.S.,NULL
Adam Carolla,California,U.S.,NULL
Robert Greenwald,New York,U.S.,NULL
Tara Subkoff,Connecticut,U.S.,NULL
Steve Buscemi,New York,U.S.,NULL
Jamie Babbit,Ohio,U.S.,NULL
Kurt Voss,California,U.S.,NULL
Ossie Davis,Georgia,U.S.,NULL
Joel Anderson,Michigan,U.S.,NULL
Douglas Trumbull,California,U.S.,NULL
Russ Meyer,California,U.S.,NULL
Robert Kenner,NY,U.S.,NULL
Greg Berlanti,New York,U.S.,NULL
Ti West,Delaware,U.S.,NULL
Katherine Brooks,Louisiana,U.S.,NULL
David Cross,Georgia,U.S.,NULL
Lori Petty,Tennessee,U.S.,NULL
Michael Taliferro,Texas,U.S.,NULL
Katie Aselton,Maine,U.S.,NULL
Ralph Nelson,New York,U.S.,NULL
Shane Dawson,California,U.S.,NULL
Daniel Myrick,Florida,U.S.,NULL
U. Roberto Romano,New York,U.S.,NULL
Joe Camp,Missouri,U.S.,NULL
Jacob Aaron Estes,California,U.S.,NULL
Lloyd Bacon,California,U.S.,NULL
D.W. Griffith,Kentucky,U.S.,NULL
Harry Beaumont,Kansas,U.S.,NULL
John D. Hancock,Missouri,U.S.,NULL
Paul Bartel,New York,U.S.,NULL
Bill Plympton,Oregon,U.S.,NULL
Corbin Bernsen,California,U.S.,NULL
Lowell Sherman,California,U.S.,NULL
Sherman Alexie,Washington,U.S.,NULL
Jamaa Fanaka,Mississippi,U.S.,NULL
E.L. Katz,New York,U.S.,NULL
Lena Dunham,New York,U.S.,NULL
William Eubank,California,U.S.,NULL
Mark Dindal,Ohio,U.S.[1],NULL
Chuck Bowman,Kansas,U.S.[1],NULL
Alan Poul,Pennsylvania,U.S.[1],NULL
Shane Acker,Illinois,U.S.[1],NULL
Anthony C. Ferrante,California,U.S.[1],NULL
William H. Macy,Florida,U.S.[1][2],NULL
Kevin Lima,Rhode Island,U.S.[3],NULL
Peter Sohn,New York,U.S.A.,NULL
Dwight H. Little,Ohio,U.S.A.,NULL
Brian Klugman,Pennsylvania,U.S.A.,NULL
Scott Foley,Kansas,U.S.A.,NULL
Scott Hicks,(1953-03-04) 4 March 1953 (ageÂ 64),Uganda,UGA
Shimit Amin,Kampala,Uganda,UGA
Kenneth Branagh,Northern Ireland,UK,NULL
Paul Greengrass,England,UK,NULL
Rupert Wyatt,England,UK,NULL
Anthony Minghella,England,UK,NULL
Stuart Baird,England,UK,NULL
Iain Softley,England,UK,NULL
Nicholas Stoller,England,UK,NULL
Stephen Daldry,England,UK,NULL
Peter Yates,England,UK,NULL
Hugh Hudson,England,UK,NULL
John Maybury,England,UK,NULL
Michael Winterbottom,England,UK,NULL
Mary McGuckian,Northern Ireland,UK,NULL
Sam Miller,England,UK,NULL
Antonia Bird,England,UK,NULL
Joby Harold,England,UK,NULL
Peter R. Hunt,England,UK,NULL
Dominic Burns,Derbyshire,UK,NULL
Simon Napier-Bell,England,UK,NULL
Bob Spiers,Scotland,UK[1],NULL
Andrew Morahan,England,UK[2],NULL
EugÃ¨ne LouriÃ©,Charkov,Ukraine,UKR
Vadim Perelman,Soviet Union (now Kiev,Ukraine),NULL
Sergey Bondarchuk,Kherson Governorate,Ukrainian SSR,NULL
David Yates,[1] England,United Kingdom,GBR
Roland JoffÃ©,England,United Kingdom,GBR
Matthew Vaughn,England,United Kingdom,GBR
James Bobin,England,United Kingdom,GBR
Simon Wells,Cambridge,United Kingdom,GBR
Tony Scott,England,United Kingdom,GBR
Edgar Wright,England,United Kingdom,GBR
David Slade,(1969-09-26) 26 September 1969 (ageÂ 47),United Kingdom,GBR
Sam Fell,England,United Kingdom,GBR
Peter Lord,Bristol,United Kingdom,GBR
Peter Webber,1968 (ageÂ 48â€“49),United Kingdom,GBR
Oliver Parker,London,United Kingdom,GBR
Paul Weiland,London,United Kingdom,GBR
Geoffrey Sax,England,United Kingdom,GBR
David Leland,England,United Kingdom,GBR
J Blakeson,England,United Kingdom,GBR
Mike Hodges,England,United Kingdom,GBR
Nick Hurran,England,United Kingdom,GBR
Jonathan Newman,London,United Kingdom,GBR
Brian Trenchard-Smith,England,United Kingdom,GBR
Rowan Joffe,England,United Kingdom,GBR
Jim Field Smith,(1979-02-20) 20 February 1979 (ageÂ 38),United Kingdom,GBR
Michael J. Bassett,Midlands,United Kingdom,GBR
Ronald Neame,England,United Kingdom,GBR
Alex Garland,England,United Kingdom,GBR
Joe Cornish,England,United Kingdom,GBR
John Badham,England,United Kingdom,GBR
Julian Gilbey,Born,United Kingdom,GBR
Stewart Raffill,1949 (ageÂ 68),United Kingdom,GBR
Lynne Ramsay,Scotland,United Kingdom,GBR
Mark Tonderai,London,United Kingdom,GBR
Nick Love,England,United Kingdom,GBR
Dave McKean,England,United Kingdom,GBR
Sarah Gavron,1970 (ageÂ 46),United Kingdom,GBR
Richard Ayoade,England,United Kingdom,GBR
Ben Wheatley,England,United Kingdom,GBR
Stuart Hazeldine,1971 (ageÂ 45),United Kingdom,GBR
Zack Snyder,Wisconsin,United States,USA
Colin Trevorrow,California,United States,USA
John Lasseter,California,United States,USA
Lee Unkrich,Ohio,United States,USA
Lana Wachowski,Illinois,United States,USA
Lana Wachowski,Illinois,United States,USA
Pete Docter,Minnesota,United States,USA
Rob Letterman,Hawaii,United States,USA
Rob Cohen,New York,United States,USA
Tom Shadyac,,United States,USA
Matt Reeves,New York,United States,USA
Jon Turteltaub,New York,United States,USA
Chris Buck,Kansas,United States,USA
Hoyt Yeatman,California,United States,USA
Joe Johnston,Texas,United States,USA
Paul Feig,Michigan,United States,USA
Richard Donner,New York,United States,USA
Breck Eisner,California,United States,USA
Bill Condon,New York,United States,USA
Mark Steven Johnson,Minnesota,United States,USA
James Mangold,New York,United States,USA
Josh Trank,Los Angeles,United States,USA
Frank Coraci,New York,United States,USA
Chuck Russell,Illinois,United States,USA
Stefen Fangmeier,Texas,United States,USA
Brad Silberling,Washington D.C.,United States,USA
David Mamet,Illinois,United States,USA
Ash Brannon,Georgia,United States,USA
Phil Lord,Washington,United States,USA
John Milius,,United States,USA
Neil Burger,Connecticut,United States,USA
Peter Segal,1962 (ageÂ 54â€“55),United States,USA
Scott Derrickson,Colorado,United States,USA
Kelly Asbury,Texas,United States,USA
James Algar,California,United States,USA
John Singleton,California,United States,USA
David Kellogg,1952 (ageÂ 64â€“65),United States,USA
F. Gary Gray,New York,United States,USA
Antoine Fuqua,Pennsylvania,United States,USA
Jerry Zucker,Wisconsin,United States,USA
Andy Tennant,Illinois,United States,USA
Ron Shelton,California,United States,USA
Henry Selick,New Jersey,United States,USA
Clay Kaytis,Born,United States,USA
Paul Tibbitt,Paul Harrison Tibbitt,United States,USA
Clark Johnson,Pennsylvania,United States,USA
Kerry Conran,Michigan,United States,USA
Phil Alden Robinson,New York,United States,USA
Joseph Ruben,New York,United States,USA
Lawrence Kasdan,Florida,United States,USA
Michael Lembeck,New York,United States,USA
David S. Goyer,Michigan,United States,USA
Keenen Ivory Wayans,New York,United States,USA
Jay Russell,Arkansas,United States,USA
Brian Levant,Illinois,United States,USA
David O. Russell,New York,United States,USA
John Pasquin,Texas,United States,USA
Ruben Fleischer,D.C.,United States,USA
Harold Ramis,Illinois,United States,USA
Harold Becker,New York,United States,USA
John Dahl,Montana,United States,USA
Stephen Herek,Texas,United States,USA
Anthony Hemingway,1977 (ageÂ 39â€“40),United States,USA
Sean Anders,Wisconsin,United States,USA
Mark Neveldine,New York,United States,USA
Tom Dey,New Hampshire,United States,USA
Francis Ford Coppola,Michigan,United States,USA
Terrence Malick,Illinois,United States,USA
Steve Oedekerk,California,United States,USA
Rawson Marshall Thurber,California,United States,USA
Carl Franklin,California,United States,USA
Steven Seagal,Michigan,United States,USA
David Gordon Green,Arkansas,United States,USA
Richard LaGravenese,New York,United States,USA
Brad Furman,Born,United States,USA
Melville Shavelson,New York,United States,USA
John A. Davis,1961 (ageÂ 55),United States,USA
Michael Cimino,New York,United States,USA
Burr Steers,D.C.,United States,USA
Reginald Hudlin,Illinois,United States,USA
John G. Avildsen,Illinois,United States,USA
Greg Mottola,New York,United States,USA
Irwin Winkler,New York,United States,USA
Dennie Gordon,Minnesota,United States,USA
Jerry Jameson,1934Â (1934-11-26) (ageÂ 82),United States,USA
Richard Shepard,New York,United States,USA
David Mirkin,Pennsylvania,United States,USA
Lee Daniels,Pennsylvania,United States,USA
Paul Thomas Anderson,California,United States,USA
Ryan Coogler,California,United States,USA
Kevin Smith,New Jersey,United States,USA
Steve Pink,1966 (ageÂ 51),United States,USA
Robert Wise,Indiana,United States,USA
Craig Mazin,New York,United States,USA
George Tillman Jr.,Wisconsin,United States,USA
Chris Gorak,Born,United States,USA
Boaz Yakin,New York,United States,USA
David Wain,Ohio,United States,USA
John Francis Daley,Illinois,United States,USA
Michael Sucsy,1973 (ageÂ 44),United States,USA
Stephen Hillenburg,Oklahoma,United States,USA
Alexander Payne,Nebraska,United States,USA
Paul Michael Glaser,Massachusetts,United States,USA
Kimberly Peirce,Pennsylvania,United States,USA
Stephen J. Anderson,Georgia,United States,USA
Troy Miller,Born,United States,USA
Vincenzo Natali,Michigan,United States,USA
Mike Disa,Michael Disa,United States,USA
Ben Falcone,Illinois,United States,USA
Don Mancini,1963 (ageÂ 54),United States,USA
Nicholas Meyer,New York,United States,USA
Joe Carnahan,Michigan,United States,USA
Bille Woodruff,Colorado,United States,USA
Victor Salva,California,United States,USA
Richard Benjamin,New York,United States,USA
Rachel Talalay,Illinois,United States,USA
Kevin Spacey,New Jersey,United States,USA
Daniel Sackheim,Born,United States,USA
Jeff Tremaine,,United States,USA
Steve McQueen,Indiana,United States,USA
Ava DuVernay,California,United States,USA
Jun Falkenstein,Hawaii,United States,USA
Gregory Nava,California,United States,USA
Joshua Logan,Texas,United States,USA
Andrew Fleming,1963 (ageÂ 53),United States,USA
Henry Joost,1981 (ageÂ 35â€“36),United States,USA
Steve Rash,Born,United States,USA
Mike Binder,Michigan,United States,USA
George Stevens,California,United States,USA
Damon Santostefano,Born,United States,USA
J.C. Chandor,New Jersey,United States,USA
David Anspaugh,1946 (ageÂ 70),United States,USA
Anthony Mann,California,United States,USA
Audrey Wells,California,United States,USA
Jeff Kanew,1944 (ageÂ 72),United States,USA
David Hayter,California,United States,USA
Kasi Lemmons,Missouri,United States,USA
George Cukor,New York,United States,USA
John Fortenberry,Mississippi,United States,USA
Robert Harmon,Born,United States,USA
Steven Shainberg,1963 (ageÂ 54),United States,USA
Joe Nussbaum,Born,United States,USA
Peter Farrelly,Pennsylvania,United States,USA
Nick Gomez,Massachusetts,United States,USA
Michael Dougherty,Ohio,United States,USA
Rob Zombie,Massachusetts,United States,USA
Rick Rosenthal,New York,United States,USA
Gina Prince-Bythewood,1969 (ageÂ 47),United States,USA
Phil Traill,New Jersey,United States,USA
Elizabeth Allen Rosenbaum,NY],United States,USA
David Nutter,1960 (ageÂ 56â€“57),United States,USA
Derek Cianfrance,Colorado,United States,USA
Mark L. Lester,1946 (ageÂ 70),United States,USA
Mike Nawrocki,Ohio,United States,USA
Craig Brewer,1971 (ageÂ 45),United States,USA
Jake Paltrow,California,United States,USA
Gregory Jacobs,New Jersey,United States,USA
Randal Kleiser,Pennsylvania,United States,USA
James Isaac,California,United States,USA
Davis Guggenheim,Missouri,United States,USA
Stephen Carpenter,California,United States,USA
Danny Leiner,Born,United States,USA
Theodore Melfi,New York,United States,USA
Preston A. Whitmore II,Michigan,United States,USA
John Lafia,1957 (ageÂ 59â€“60),United States,USA
Stephen Chbosky,Pennsylvania,United States,USA
Paul Schrader,Michigan,United States,USA
Stewart Hendler,California,United States,USA
Ethan Maniquis,Born,United States,USA
John Erick Dowdle,Minnesota,United States,USA
Wallace Wolodarsky,Born,United States,USA
Nicholas Jarecki,New York,United States,USA
Ira Sachs,Tennessee,United States,USA
Carroll Ballard,California,United States,USA
Alan Rudolph,California,United States,USA
R.J. Cutler,1962 (ageÂ 54â€“55)[1],United States,USA
Tim Blake Nelson,Oklahoma,United States,USA
Floyd Mutrux,1941 (ageÂ 75),United States,USA
James DeMonaco,New York,United States,USA
Marcus Raboy,New York,United States,USA
Michael Schultz,Wisconsin,United States,USA
Morgan Spurlock,West Virginia,United States,USA
Neal Brennan,1973 (ageÂ 43)[1],United States,USA
Scott Kalvert,New York,United States,USA
Dan Fogelman,Born,United States,USA
John Putch,Pennsylvania,United States,USA
Jason Zada,California,United States,USA
Ben Younger,New York,United States,USA
Tamara Jenkins,Pennsylvania,United States,USA
Vondie Curtis-Hall,Michigan,United States,USA
Dan Gilroy,California,United States,USA
Troy Duffy,Connecticut,United States,USA
Keith Gordon,New York,United States,USA
Robert Moresco,Born,United States,USA
Eli Roth,Massachusetts,United States,USA
Ernie Barbarash,Born,United States,USA
Matt Bettinelli-Olpin,California,United States,USA
Bob Gosse,New York,United States,USA
Shari Springer Berman,New York,United States,USA
Shari Springer Berman,New York,United States,USA
Rusty Cundieff,Pennsylvania,United States,USA
Zach Cregger,Virginia,United States,USA
Dan Trachtenberg,Pennsylvania,United States,USA
Robert Duvall,California,United States,USA
Jesse Peretz,Massachusetts,United States,USA
Bruce Malmuth,1934,United States,USA
Morgan J. Freeman,California,United States,USA
John Sturges,Illinois,United States,USA
DJ Pooh,California,United States,USA
Allison Anders,Kentucky,United States,USA
Mike Mills,California,United States,USA
Jim Mickle,Pennsylvania,United States,USA
Edward Burns,New York,United States,USA
Victor Fleming,,United States,USA
George Sidney,New York,United States,USA
Louis C.K.,D.C.,United States,USA
John Gulager,New York,United States,USA
Ted Post,New York,United States,USA
Nnegest LikkÃ©,California,United States,USA
Jill Sprecher,Born,United States,USA
Matthew Bright,1952 (ageÂ 64),United States,USA
Leslye Headland,Connecticut,United States,USA
Bobby Roth,California,United States,USA
Tim Heidecker,Pennsylvania,United States,USA
Deon Taylor,Illinois,United States,USA
Craig Moss,Craig Moss,United States,USA
John Carl Buechler,Illinois,United States,USA
James Ponsoldt,Georgia,United States,USA
Joshua Tickell,Ohio,United States,USA
Jerry Rees,Born,United States,USA
Tay Garnett,Los Angeles,United States,USA
Larry Clark,Oklahoma,United States,USA
Chris Kentis,New York,United States,USA
Robert Rossen,New York,United States,USA
Jim Jarmusch,Ohio,United States,USA
Kevin Tenney,Hawaii,United States,USA
Marielle Heller,California,United States,USA
Lance Mungia,1972 (ageÂ 44â€“45),United States,USA
Mark Illsley,1958 (ageÂ 58),United States,USA
Adrienne Shelly,New York,United States,USA
Henry Bean,Pennsylvania,United States,USA
William Cottrell,North Carolina,United States,USA
Zak Penn,New York,United States,USA
Leslie H. Martinson,Massachusetts,United States,USA
Henry Hathaway,,United States,USA
Rob McKittrick,Florida,United States,USA
Duncan Tucker,Arizona,United States,USA
Gillian Robespierre,New York,United States,USA
Marc Levin,New York,United States,USA
Gia Coppola,California,United States,USA
Joshua Oppenheimer,Texas,United States,USA
Alex Gibney,New York,United States,USA
Frank Whaley,New York,United States,USA
David DeCoteau,Oregon,United States,USA
Maryam Keshavarz,New York,United States,USA
C. Jay Cox,Nevada,United States,USA
David LaChapelle,Connecticut,United States,USA
Mark Sandrich,New York,United States,USA
Amy Holden Jones,1955 (ageÂ 61â€“62),United States,USA
Barry W. Blaustein,Born,United States,USA
Eric Schaeffer,New York,United States,USA
Neema Barnette,New York,United States,USA
Joe Swanberg,Michigan,United States,USA
Lloyd Kaufman,New York,United States,USA
Jonathan Caouette,Texas,United States,USA
Gregory Widen,Born,United States,USA
Bruce Dellis,Born,United States,USA
Jack Perez,Born,United States,USA
Craig Zobel,New York,United States,USA
Melvin Van Peebles,Illinois,United States,USA
Nate Parker,Virginia,United States,USA
Julie Davis,1969 (ageÂ 47â€“48),United States,USA
Brandon Trost,California,United States,USA
Patrick Meaney,New York,United States,USA
Malcolm Goodwin,New York,United States,USA
Jason Trost,California,United States,USA
Shane Carruth,South Carolina,United States,USA
Christopher McQuarrie,New Jersey,United States (sources differ),NULL
Gary Ross,California,United States[1],NULL
Malcolm D. Lee,New York,United States[1],NULL
Drew Goddard,Texas,United States[1][2],NULL
Fede Alvarez,Montevideo,Uruguay,URY
Brett Ratner,Florida,US,USA
Mimi Leder,New York,US,USA
Albert Hughes,Michigan,US,USA
Joe Dante,New Jersey,US,USA
William Friedkin,Illinois,US,USA
Angela Robinson,Illinois,US,USA
John Hamburg,New York,US,USA
Michael Tollin,Pennsylvania,US,USA
Bob Rafelson,New York,US,USA
Jeff Schaffer,Ohio,US,USA
George Gallo,New York,US,USA
John McNaughton,Illinois,US,USA
William Brent Bell,Kentucky,US,USA
Amy Heckerling,New York,US,USA
Jack Smight,Minnesota,US,USA
Diane English,New York,US,USA
Allen Coulter,Texas,US,USA
Adam Rifkin,Illinois,US,USA
Jim Fall,New York,US,USA
George Hickenlooper,Missouri,US,USA
Darnell Martin,New York,US,USA
Harley Cokeliss,San Diego,US,USA
Joshua Seftel,New York,US,USA
Stanley Kramer,New York,US,USA
Charles Robert Carner,Illinois,US,USA
Dan O'Bannon,Missouri,US,USA
Jerome Robbins,New York,US,USA
Mars Callahan,California,US,USA
Susan Seidelman,Pennsylvania,US,USA
Tommy Lee Wallace,Kentucky,US,USA
Allison Burnett,New York,US,USA
Matt Maiellaro,Florida,US,USA
Patrick Creadon,Illinois,US,USA
James Kerwin,Missouri,US,USA
Lynn Shelton,Ohio,US,USA
Tobe Hooper,Texas,US[1],NULL
Stephen Sommers,Indiana,USA,USA
Dennis Dugan,Illinois,USA,USA
John Frankenheimer,New York,USA,USA
John Stockwell,Texas,USA,USA
John Patrick Shanley,New York,USA,USA
Jeff Nichols,Arkansas,USA,USA
John Ottman,California,USA,USA
Ernest R. Dickerson,New Jersey,USA,USA
Bill Duke,New York,USA,USA
Hans Canosa,Massachusetts,USA,USA
Sergey Bodrov,Russian SFSR,USSR,NULL
Andrey Konchalovskiy,Moscow,USSR,NULL
Levan Gabriadze,Georgian SSR,USSR,NULL
Tuck Tucker,Lynchburg,VA,VAT
Vicky Jenson,Born,Victoria Jenson,NULL
Hark Tsui,Saigon,Vietnam,NULL
Jeb Stuart,Patrick County,Virginia,NULL
Richard Marquand,Cardiff,Wales,NULL
Rich Cowan,Spokane,Washington,NULL
Marc Forster,Bavaria,West Germany,NULL
Roland Emmerich,Baden-WÃ_rttemberg,West Germany,NULL
Tom Tykwer,Wuppertal,West Germany,NULL
Uwe Boll,North Rhine-Westphalia,West Germany,NULL
Lexi Alexander,Mannheim,West Germany,NULL
Martin Lawrence,Frankfurt,West Germany,NULL
Max FÃ_rberbÃ¶ck,Bavaria,West Germany,NULL
Fatih Akin,Hamburg,West Germany,NULL
Marcus Nispel,Frankfurt am Main,West Germany,NULL
John Cornell,Kalgoorlie,Western Australia,NULL
Jeremy Sims,Perth,Western Australia,NULL
William Sachs,Born,William Sachs,NULL
Terry Zwigoff,Appleton,Wisconsin,NULL
Joseph Kosinski,Milwaukee,Wisconsin[1],NULL
Nathan Greno,Kenosha,Wisconsin[2],NULL
Peter Kosminsky,England,,NULL
Paul Mazursky,Brian Wexler,,NULL
Billy Wilder,Poland),,NULL
Howard Hawks,,,NULL
Clive Barker,,,NULL